{"edges":[],"boundary":[[0.0,0.0,0.0],[12.0,0.0,0.0],[12.0,20.0,0.0],[0.0,20.0,0.0],[0.0,0.0,0.0]],"nodes":[{"area":20.0,"position":{"z":0.0,"y":17.2430248,"x":9.721312},"angle":167.103088,"name":"bed1","id":3},{"area":20.0,"position":{"z":0.0,"y":10.0771351,"x":8.729151},"angle":281.399,"name":"sofa","id":1},{"area":20.0,"position":{"z":0.0,"y":2.54016161,"x":6.62258863},"angle":305.7816,"name":"table","id":0},{"area":20.0,"position":{"z":0.0,"y":5.70845032,"x":1.83558488},"angle":28.7608376,"name":"bed2","id":4}]}