{"nodes":[{"id":0,"name":"table","position":{"x":1.43657017,"y":9.027119,"z":0.0},"angle":0.0,"area":20.0},{"id":1,"name":"bigbed","position":{"x":6.43657,"y":9.027119,"z":0.0},"angle":0.0,"area":20.0},{"id":2,"name":"bed1","position":{"x":11.4365692,"y":9.027119,"z":0.0},"angle":0.0,"area":20.0}],"edges":[],"boundary":[[0.0,0.0,0.0],[9.2,0.0,0.0],[9.2,6.0,0.0],[14.0,6.0,0.0],[14.0,18.0,0.0],[0.0,18.0,0.0],[0.0,0.0,0.0]]}