{"nodes":[{"id":1,"name":"bigbed","position":{"x":1.38,"y":13.6,"z":0.0},"angle":0.0,"area":20.0},{"id":2,"name":"bed1","position":{"x":8.0199995,"y":7.74000072,"z":0.0},"angle":0.0,"area":20.0},{"id":3,"name":"bed2","position":{"x":5.38,"y":4.039999,"z":0.0},"angle":0.0,"area":20.0}],"edges":[],"boundary":[[0.0,0.0,0.0],[9.2,0.0,0.0],[9.2,6.0,0.0],[14.0,6.0,0.0],[14.0,18.0,0.0],[0.0,18.0,0.0],[0.0,0.0,0.0]]}