{"nodes":[{"id":0,"name":"table","position":{"x":4.21288,"y":13.6103039,"z":0.0},"angle":337.649963,"area":20.0},{"id":2,"name":"bigbed","position":{"x":3.36753941,"y":7.251137,"z":0.0},"angle":337.649963,"area":20.0},{"id":1,"name":"sofa","position":{"x":11.6594744,"y":7.805939,"z":0.0},"angle":337.649963,"area":20.0}],"edges":[],"boundary":[[0.0,0.0,0.0],[9.2,0.0,0.0],[9.2,6.0,0.0],[14.0,6.0,0.0],[14.0,18.0,0.0],[0.0,18.0,0.0],[0.0,0.0,0.0]]}