{"nodes":[{"id":0,"name":"table","position":{"x":0.0706953555,"y":0.5741599,"z":0.0},"angle":0.0,"area":28.1693077},{"id":1,"name":"doubleBed","position":{"x":0.320695341,"y":0.5741599,"z":0.0},"angle":0.0,"area":20.0},{"id":2,"name":"simpleBedA","position":{"x":0.570695341,"y":0.5741599,"z":0.0},"angle":0.0,"area":20.0}],"edges":[[0,1],[1,2]],"boundary":[[0.0,0.0,0.0],[9.2,0.0,0.0],[9.2,6.0,0.0],[14.0,6.0,0.0],[14.0,18.0,0.0],[0.0,18.0,0.0],[0.0,0.0,0.0]]}