{"Nodes":[{"ID":0,"objectname":"table","location":{"x":0.0,"y":0.6000000238418579},"rotation":0.0,"size":20.0},{"ID":1,"objectname":"doubleBed","location":{"x":0.25,"y":0.6000000238418579},"rotation":22.619861602783204,"size":20.0}],"Edges":[]}