{"nodes":[{"id":0,"name":"table","position":{"x":5.267675,"y":2.57637835,"z":0.0},"angle":320.081879,"area":20.0},{"id":1,"name":"bigbed","position":{"x":9.102487,"y":5.78484,"z":0.0},"angle":320.081879,"area":20.0},{"id":2,"name":"bed1","position":{"x":12.9372978,"y":8.993301,"z":0.0},"angle":320.081879,"area":20.0}],"edges":[],"boundary":[[0.0,0.0,0.0],[9.2,0.0,0.0],[9.2,6.0,0.0],[14.0,6.0,0.0],[14.0,18.0,0.0],[0.0,18.0,0.0],[0.0,0.0,0.0]]}