{"Nodes":[{"ID":0,"objectname":"table","location":{"x":0.05312890186905861,"y":0.05964319035410881},"rotation":311.5111999511719,"size":20.0},{"ID":1,"objectname":"doubleBed","location":{"x":0.2188205122947693,"y":0.24684973061084748},"rotation":311.5111999511719,"size":20.0},{"ID":2,"objectname":"simpleBedA","location":{"x":0.38451215624809267,"y":0.4340563118457794},"rotation":311.5111999511719,"size":20.0},{"ID":3,"objectname":"singleBedB","location":{"x":0.5502037405967712,"y":0.6212628483772278},"rotation":311.5111999511719,"size":20.0}],"Edges":[]}